Redirect Type,Old URLSort ascending.,New URLSort ascending.
301,2011/09/01/online-sas-analytics-training,blog/online-sas-analytics-training
301,2011/09/08/chief-data-officer,blog/chief-data-officer
301,2011/09/08/learn-analytics,blog/learn-analytics
301,2012/02/07/why-will-analytics-be-the-next-competitive-edge,blog/why-will-analytics-be-the-next-competitive-edge
301,2012/02/20/sas-online-training-institute,blog/sas-online-training-institute
301,2012/03/15/analytics-training-institute-delhi,blog/analytics-training-institute-delhi
301,2014/02/25/online-analytics-sas-training/?msa_theme_sel=webapp&cb=05,blog/online-sas-analytics-training
301,2014/02/25/online-analytics-sas-training?cb=05,blog/online-sas-analytics-training
301,2014/09/26/why-to-choose-analytix-labs-for-business-analytics-certification-courses,blog/why-to-choose-analytix-labs-for-business-analytics-certification-courses
301,2014/10/10/business-analytics-courses-in-delhi-ncr-regions-by-analytixlabs,business-analyst-course-in-delhi
301,2014/10/22/benefits-of-online-analytics-course,blog/benefits-of-online-analytics-course
301,2015/05/04/how-to-achieve-real-time-value-from-big-data,blog/how-to-achieve-real-time-value-from-big-data
301,2015/07/16/data-analytics-can-save-lives-and-it-does,blog/data-analytics-can-save-lives-and-it-does
301,</?php%20echo%20get_site_url();%20?>/reviews-complaints-testimonials,reviews-complaints-testimonials
301,about-faculty/?cb=05,about-faculty
301,apache-flink-hadoops-new-cousin,blog/apache-flink-hadoops-new-cousin
301,api/machine-learning-course-certification-training,machine-learning-course-certification-training
301,artificial-intelligence-certification-courses-online-2,full-stack-applied-ai-course
301,artificial-intelligence-engineering-course,artificial-intelligence-certification-courses-online
301,blog/2011/08/01/hello-world,blog/hello-world-2
301,blog/2011/09/01/online-sas-analytics-training,blog/online-sas-analytics-training
301,blog/2011/09/01/online-sas-analytics-training/feed,blog/online-sas-analytics-training
301,blog/2011/09/07/big-data,blog/big-data
301,blog/2011/09/08/chief-data-officer,blog/chief-data-officer
301,blog/2012/02/19/analytics-training-institute,blog/analytics-training-institute
301,blog/2012/02/20/sas-online-training-institute/feed,blog/sas-online-training-institute
301,blog/2012/03,blog/analytics-training-institute-delhi
301,blog/2014/02/25/online-analytics-sas-training/?cb=05,blog/online-analytics-sas-training
301,blog/2014/09/26/why-to-choose-analytix-labs-for-business-analytics-certification-courses,blog/why-to-choose-analytix-labs-for-business-analytics-certification-courses
301,blog/2014/10/22/benefits-of-online-analytics-course,blog/benefits-of-online-analytics-course
301,blog/2015/07/16/data-analytics-can-save-lives-and-it-does,blog/data-analytics-can-save-lives-and-it-does
301,blog/2015/09/15/apache-flink-hadoops-new-cousin,blog/apache-flink-hadoops-new-cousin
301,blog/2016/01/05/is-it-time-for-hadoop-to-say-good-bye,blog/is-it-time-for-hadoop-to-say-good-bye
301,blog/2016/01/11/how-big-data-analytics-change-company-culture,blog/how-big-data-analytics-change-company-culture
301,blog/2016/02/12/what-is-google-cloud-dataflow,blog/what-is-google-cloud-dataflow
301,blog/2016/04/09/customer-analytics-and-midmarket,blog/customer-analytics-and-midmarket
301,blog/2016/05/10/predictive-analytics-one-technique-for-various-industries,blog/predictive-analytics-one-technique-for-various-industries
301,blog/2016/05/12/how-to-get-the-best-of-your-hadoop,blog/how-to-get-the-best-of-your-hadoop
301,blog/2016/06/25/will-spark-be-able-to-replace-mapreduce,blog/will-spark-be-able-to-replace-mapreduce
301,blog/2016/08/08/big-data-and-iot-amalgamation-to-pave-way-for-smarter-cities,blog/big-data-and-iot-amalgamation-to-pave-way-for-smarter-cities
301,blog/2016/08/26/choose-the-right-type-of-big-data-and-hadoop-training-smartly,blog/choose-the-right-type-of-big-data-and-hadoop-training-smartly
301,blog/2016/11/<?php echo get_site_url(); ?>/reviews-complaints-testimonials,/
301,blog/2016/12/16/what-is-the-importance-of-the-integration-of-big-data-and-data-science,blog/what-is-the-importance-of-the-integration-of-big-data-and-data-science
301,blog/2016/12/23/5-tips-to-improve-data-insight-strategy,blog/5-tips-to-improve-data-insight-strategy
301,blog/2017/02/15/what-does-the-future-hold-for-machine-learning-is-it-a-better-career-option-than-statistical-modelling,blog/what-does-the-future-hold-for-machine-learning-is-it-a-better-career-option-than-statistical-modelling
301,blog/2017/03/07/why-is-hadoop-certification-a-big-deal-in-big-data,blog/why-is-hadoop-certification-a-big-deal-in-big-data
301,blog/2017/03/08/what-are-the-reasons-behind-the-growing-popularity-of-python,blog/what-are-the-reasons-behind-the-growing-popularity-of-python
301,blog/2017/04/10/using-python-is-a-satisfying-experience-for-coders,blog/using-python-is-a-satisfying-experience-for-coders
301,blog/2017/04/24/spark-big-data-training-adds-wings-to-your-career,blog/spark-big-data-training-adds-wings-to-your-career
301,blog/2017/04/30/why-to-use-python-for-big-data-analytics,blog/big-data-python
301,blog/2017/05/13/what-scopes-does-business-analytics-hold-for-you,blog/scope-of-business-analytics
301,blog/2017/07/28/predictive-analytics-customer-centric-approach,blog/predictive-analytics-customer-centric-approach
301,blog/2017/08/17/learn-sas-to-kick-start-your-career-in-analytics,blog/learn-sas-to-kick-start-your-career-in-analytics
301,blog/2017/08/29/ignoring-business-analytics-can-be-fatal-in-the-current-times,blog/ignoring-business-analytics-can-be-fatal-in-the-current-times
301,blog/2017/10/06/know-the-indian-analytics-industry,blog/know-the-indian-analytics-industry
301,blog/2017/10/06/what-is-there-to-learn-in-tableau,blog/what-is-there-to-learn-in-tableau
301,blog/2017/11/13/get-a-strong-footing-in-data-science-with-sas,blog/get-a-strong-footing-in-data-science-with-sas
301,blog/2017/12/13/what-does-it-take-to-become-a-business-analyst,blog/what-does-it-take-to-become-a-business-analyst
301,blog/2018/01/31/python-training-can-give-good-start-career,blog/python-training-can-give-good-start-career
301,blog/2018/02/06/5-reasons-python-practical-choice-language,blog/5-reasons-python-practical-choice-language
301,blog/2018/02/13/machine-learning-integral-part-data-science,blog/machine-learning-integral-part-data-science
301,blog/2018/06/09/top-4-reasons-business-analytics-course,blog/top-4-reasons-business-analytics-course
301,blog/2018/07/26/business-analytics-getting-bigger-ever,blog/business-analytics-getting-bigger-ever
301,blog/2018/12/19/how-to-start-learning-machine-,blog/how-to-start-learning-machine-learning
301,blog/2019/04/08/no-luck-getting-data-analytics-job-heres-secret-sauce,blog/no-luck-getting-data-analytics-job-heres-secret-sauce
301,blog/2019/04/17/powerful-terms-analytics-gives-cv-edge,blog/powerful-terms-analytics-gives-cv-edge
301,blog/2019/04/26/cool-job-titles-ai-certification-can-get-future,blog/cool-job-titles-ai-certification-can-get-future
301,blog/2019/06/30/part-1-key-business-analytics-trends-know-future-proof-career,blog/part-1-key-business-analytics-trends-know-future-proof-career
301,blog/2019/06/30/part-2-key-business-analytics-trends-know-future-proof-career-machine-learning-course,blog/part-2-key-business-analytics-trends-know-future-proof-career-machine-learning-course
301,blog/2019/07/14/summary-google-deep-learning-essential-understand-value-ai-ml-world,blog/summary-google-deep-learning-essential-understand-value-ai-ml-world
301,blog/2019/07/16/sink-swim-oil-gas-industry-understanding-role-data-science-ai-future,blog/data-analytics-in-oil-and-gas
301,blog/2019/08/14/cloud-deployment-capabilities-ai-big-data,blog/cloud-deployment-capabilities-ai-big-data
301,blog/2019/10/21/the-best-machine-learning-tools-python-vs-r-vs-sas,blog/the-best-machine-learning-tools-python-vs-r-vs-sas
301,blog/2019/11/17/why-digital-transformation-does-not-ensure-success,blog/why-digital-transformation-does-not-ensure-success
301,blog/2019/12/21/need-a-machine-learning-job-learn-any-of-these-machine-learning-tools-part-2,blog/machine-learning-tools
301,blog/2020/01/05/mastering-the-art-of-machine-learning,blog/mastering-the-art-of-machine-learning
301,blog/2020/02/08/what-makes-a-career-in-business-analytics-lucrative,blog/what-makes-a-career-in-business-analytics-lucrative
301,blog/2020/02/11/india-the-largest-potential-field-for-applied-artificial-intelligence,blog/india-the-largest-potential-field-for-applied-artificial-intelligence
301,blog/2020/04/03/python-skills-can-be-vital-for-a-successful-career-in-data-science,blog/python-skills-can-be-vital-for-a-successful-career-in-data-science
301,blog/</?php%20echo%20get_site_url();%20?>/reviews-complaints-testimonials,reviews-complaints-testimonials
301,blog/?__hstc=18923367.7744294b740e0787aea508c4a7020a77.1562976000068.1562976000069.1562976000070.1&__hssc=18923367.1.1562976000071&__hsfp=1817143912,blog
301,blog/a-brief-on-real-time-analytics,blog/real-time-analytics
301,blog/advantages-disadvantages-of-artificial-,blog/merits-and-demerits-of-artificial-intelligence
301,blog/ai-in-digital-marketing-2,blog/digital-marketing-and-machine-learnng
301,blog/artificial-intelligence-interview-questions/?hss_channel=tw-320038481,blog/artificial-intelligence-interview-questions
301,blog/best-programming-language-for-machine-learning,blog/best-programming-language-for-machine
301,blog/big-data-,blog/big-data
301,blog/business-analytics-vs-business-,blog/business-intelligence-vs-business-analytics
301,blog/category-sitemap.xml,category-sitemap.xml
301,blog/category/big-data,blog/big-data
410,blog/category/blog-analytixlabs,
301,blog/category/business-analytics,blog/business-analytics
301,blog/category/cyber-security,blog/cyber-security
301,blog/category/data-analytics,blog/data-analytics
301,blog/category/deep-learning,blog/deep-learning
301,blog/category/interview-q-a,blog/interview-q-a
301,blog/category/report,blog/report
301,blog/components-of-artificial-intelligence/!,blog/components-of-artificial-intelligence
301,blog/components-of-artificialintelligence,blog/components-of-artificial-intelligence
301,blog/components-ofartificial-intelligence,blog/components-of-artificial-intelligence
301,blog/comprehensive-guide-on-hyperparameters-optimization-examples-and-more/feed,blog/what-are-hyperparameters
301,blog/data-lake-and-data-warehouse-just-synonyms-or-different-ideas,blog/data-lake-vs-data-warehouse
301,blog/digital-marketing-and-machine-learnng,blog/digital-marketing-and-machine-learning
301,blog/digital-marketing-powered-by-machine-learning-and-artificial-intelligence,blog/ai-in-digital-marketing-2
301,blog/how-data-analytics-can-supercharge-your-ecommerce-growth-strategy,blog/data-analytics-for-ecommerce
301,blog/how-to-choose-right-business-analyst-course/%3C/?php%20echo%20get_site_url();%20?%3E/reviews-complaints-testimonials,/
301,blog/how-to-choose-right-business-analyst-course/%3C?php%20echo%20get_site_url();%20?%3E/reviews-complaints-testimonials,/
301,blog/how-to-choose-right-business-analyst-course/<?php echo get_site_url();?>/reviews-complaints-testimonials,/
301,blog/how-to-minimize-dirty-data,blog/minimize-dirty-data
301,blog/india-the-largest-potential-field-for-applied-artificial-intelligence/%3C/?php%20echo%20get_site_url();%20?%3E/reviews-complaints-testimonials,blog/india-the-largest-potential-field-for-applied-artificial-intelligence
301,blog/learning-python-helps,blog/7-beginner-tips-every-python-training-student-know
301,blog/pca-vs-factoranalysis,blog/pca-vs-factor-analysis
301,blog/personal-data-protectionpdp-bill-is-reason-behind-the-rising-demand-of-business-analytics-courses/feed,blog/significance-of-personal-data-protection-pdp-bill
301,blog/pg-in-data-science,pg-in-data-science
301,blog/skill-gap-in-india,blog/ai-skills-in-demand
301,blog/types-of-data-,blog/types-of-data
301,blog/types-ofclustering-algorithms,blog/types-of-clustering-algorithms
301,blog/what-is-cybersecurity-importance-types-challenges-and-course,blog/data-warehouse
301,blog/what-is-imagesegmentation,blog/what-is-image-segmentation
301,blog/what-is-the-syllabus-of-data-science,blog/data-science-course-syllabus-and-subjects
301,blog/what-isimage-segmentation,blog/what-is-image-segmentation
301,blog/whatisimage-segmentation,blog/what-is-image-segmentation
301,blog/wp-content/uploads/2021/05/Blog-Image-,blog
301,blog/write-for-us,submit-a-guest-post
301,business-analytics,blog/business-analytics
301,business-analytics-course-in-,business-analytics-course
301,business-analytics-course-in-bangalore,business-analyst-course-in-bangalore
301,business-analytics-data-science-course,business-analytics-course
301,colleges-universities-training-courses/?__hstc=18923367.7744294b740e0787aea508c4a7020a77.1573257600143.1573257600144.1573257600145.1&__hssc=18923367.1.1573257600146&__hsfp=1895241284,colleges-universities-training-courses
301,colleges-universities-training-courses/?cb=05,colleges-universities-training-courses
301,colleges-universities-training-courses/?cb=05&msa_theme_sel=webapp&cb=05,colleges-universities-training-courses
301,contact-us/?__hstc=18923367.7744294b740e0787aea508c4a7020a77.1556150400097.1556150400098.1556150400099.1&__hssc=18923367.1.1556150400100&__hsfp=3733277192,contact-us
301,contact-us/?clbk=1,contact-us
301,contact-us/artificial-intelligence-certification-courses-online,artificial-intelligence-certification-courses-online
301,corporates-training-courses/business-analytics-course-in-bangalore,business-analyst-course-in-bangalore
301,corporates-training-courses/machine-learning-course-certification-training,machine-learning-course-certification-training
301,corporates-training-courses?__hstc=18923367.07430159d50a3c91e72c280a7921bf0d.1544054400118.1544054400119.1544054400120.1&__hssc=18923367.1.1544054400121&__hsfp=998628806,enterprises
301,corporates-training-courses?__hstc=18923367.07430159d50a3c91e72c280a7921bf0d.1544140800118.1544140800119.1544140800120.1&__hssc=18923367.1.1544140800121&__hsfp=998628806,enterprises
301,corporates-training-courses?__hstc=18923367.07430159d50a3c91e72c280a7921bf0d.1544227200101.1544227200102.1544227200103.1&__hssc=18923367.1.1544227200104&__hsfp=528229161,enterprises
301,corporates/?__hstc=18923367.7744294b740e0787aea508c4a7020a77.1573516800278.1573516800279.1573516800280.1&__hssc=18923367.1.1573516800281&__hsfp=1895241284,enterprises
301,corporates?__hstc=18923367.7744294b740e0787aea508c4a7020a77.1556150400163.1556150400164.1556150400165.1&__hssc=18923367.1.1556150400166&__hsfp=3733277192,enterprises
301,corporates?__hstc=18923367.7744294b740e0787aea508c4a7020a77.1573516800278.1573516800279.1573516800280.1&__hssc=18923367.1.1573516800281&__hsfp=1895241284,enterprises
301,courses/advanced-excel-training-certification-course-online,advanced-excel-training-certification-course-online
301,courses/artificial-intelligence-certification-courses-online-2,courses/artificial-intelligence-course-in-delhi-2
301,courses/artificial-intelligence-course-in-bangalore,artificial-intelligence-course-in-bangalore
301,courses/artificial-intelligence-course-in-delhi,artificial-intelligence-course-in-delhi
301,courses/artificial-intelligence-engineering-course,artificial-intelligence-engineering-course
301,courses/artificial-intelligence-for-managers-leaders,artificial-intelligence-for-managers-leaders
301,courses/big-data-analytics-hadoop-spark-training-course-online,big-data-analytics-hadoop-spark-training-course-online
301,courses/business-analyst-course-in-bangalore,business-analyst-course-in-bangalore
301,courses/business-analyst-course-in-delhi,business-analyst-course-in-delhi
301,courses/business-analyst-training-course-online,business-analyst-training-course-online
301,courses/business-analytics-course,business-analytics-course
301,courses/business-analytics-data-science-course,business-analytics-data-science-course
301,courses/data-analyst-training-course-in-bangalore,data-analyst-training-course-in-bangalore
301,courses/data-analyst-training-course-in-delhi,data-analyst-training-course-in-delhi
301,courses/data-analyst-training-course-in-gurgaon,data-analyst-training-course-in-gurgaon
301,courses/data-analyst-training-course-in-noida,data-analyst-training-course-in-noida
301,courses/data-science-certification-course-in-delhi,courses/data-science-course-in-delhi
301,courses/data-science-course-in-bangalore,courses/data-science-course-training-bangalore
301,courses/data-science-course-in-delhi,data-science-course-in-delhi
301,courses/data-science-course-in-gurgaon,data-science-course-in-gurgaon
301,courses/data-science-course-in-gurgaon-2,data-science-course-in-gurgaon-2
301,courses/data-science-course-in-noida,courses/data-science-course-in-gurgaon-2
301,courses/data-science-course-training-bangalore,data-science-course-training-bangalore
301,courses/data-science-r-analytics-training,data-science-r-analytics-training
301,courses/data-science-specialization-course,data-science-specialization-course
301,courses/data-science-specialization-course-in-noida,courses/data-science-course-in-noida
301,courses/deep-learning-with-python,deep-learning-with-python
301,courses/executive-certification-in-data-science-with-ai-specialization,executive-certification-in-data-science-with-ai-specialization
301,courses/generative-ai-course,generative-ai-course
301,courses/machine-learning-course-certification-training,machine-learning-course-certification-training
301,courses/pg-in-data-analytics,pg-in-data-analytics
301,data-,data-science-specialization-course
301,data-analyst-training-,advanced-excel-training-certification-course-online
301,data-analyst-training-course-,pg-in-data-analytics
301,data-analytics-training-course-in-bangalore,data-analyst-training-course-in-bangalore
301,data-science-course-in-gurgaon-2,data-science-course-in-gurgaon
301,enterprises/?__hstc=18923367.07430159d50a3c91e72c280a7921bf0d.1544227200101.1544227200102.1544227200103.1&__hssc=18923367.1.1544227200104&__hsfp=528229161,enterprises
301,enterprises/?__hstc=18923367.07430159d50a3c91e72c280a7921bf0d.1544313600098.1544313600099.1544313600100.1&__hssc=18923367.1.1544313600101&__hsfp=998628806,enterprises
301,enterprises/business-analytics-course-in-bangalore,business-analyst-course-in-bangalore
301,enterprises/machine-learning-course-certification-training,machine-learning-course-certification-training
301,free-,free-resources
301,full-stack-applied-ai-course,artificial-intelligence-certification-courses-online
301,landingpage/sas/advanced-excel-training-certification-course-online,advanced-excel-training-certification-course-online
301,landingpage/sas/data-science-course-in-noida,data-science-course-in-noida
301,linkedin.com/in/business-analytics-course-in-bangalore,business-analyst-course-in-bangalore
301,machine-learning/page/3,blog/machine-learning/page/3
301,offers/advanced-excel-training-certification-course-online,advanced-excel-training-certification-course-online
301,pg-in-data-analytics,data-analyst-certification-courses
301,pg-in-data-science/artificial-intelligence-certification-courses-online,pg-in-data-science
301,placements-july-2025,placements/placements-july-2025
301,placements-june-2025,placements/placements-june-2025
301,placements-june-2025-2,placements-june-2025
301,placements-may-2024,placements/placements-may-2024
301,placements-oct-2025,placements/placements-oct-2025
301,placements/placements-may-2024,placements/placements-june-2024
301,privacy/?__hstc=18923367.7744294b740e0787aea508c4a7020a77.1556150400097.1556150400098.1556150400099.1&__hssc=18923367.1.1556150400100&__hsfp=3733277192,privacy
301,privacy/advanced-excel-training-certification-course-online,advanced-excel-training-certification-course-online
301,privacy/artificial-intelligence-certification-courses-online,artificial-intelligence-certification-courses-online
301,privacy/data-science-course-in-noida,data-science-course-in-noida
301,recensione-di-trattamento-ed/advanced-excel-training-certification-course-online,/
301,reviews-complaints-testimonials/?__hstc=18923367.7744294b740e0787aea508c4a7020a77.1556150400097.1556150400098.1556150400099.1&__hssc=18923367.1.1556150400100&__hsfp=3733277192,reviews-complaints-testimonials
301,rimedi-ED/artificial-intelligence-certification-courses-online,artificial-intelligence-certification-courses-online
301,student/sociallogin/advanced-excel-training-certification-course-online,advanced-excel-training-certification-course-online
301,terms-conditions/?__hstc=18923367.7744294b740e0787aea508c4a7020a77.1556150400097.1556150400098.1556150400099.1&__hssc=18923367.1.1556150400100&__hsfp=3733277192,terms-conditions
301,terms-conditions/?__hstc=18923367.7744294b740e0787aea508c4a7020a77.1562976000068.1562976000069.1562976000070.1&__hssc=18923367.1.1562976000071&__hsfp=1817143912,terms-conditions
301,upcoming-batches/?__hstc=18923367.7744294b740e0787aea508c4a7020a77.1562976000068.1562976000069.1562976000070.1&__hssc=18923367.1.1562976000071&__hsfp=1817143912,upcoming-batches
301,upcoming-batches/?cb=05,upcoming-batches
301,why-us/advanced-excel-training-certification-course-online,advanced-excel-training-certification-course-online
301,write-to-us,submit-a-guest-post
301,www.analytixlabs.co.in/nl.linkedin.com/pub/roland-hallebeek/7b/6a6/machine-learning-course-certification-training,machine-learning-course-certification-training